{
  "summary": {
    "timestamp_utc": "2026-05-12T12:40:32+00:00",
    "sample_size": 50,
    "portal_count_estimate": 14438,
    "sampling": "random_pages",
    "page_size": 25
  },
  "recency_days": {
    "percentiles": {
      "p10": 1.0,
      "p25": 1.0,
      "p50": 49.5,
      "p75": 98.0,
      "p90": 98.0
    },
    "min": 1,
    "max": 98
  },
  "completeness_ratio": {
    "percentiles": {
      "p10": 0.5644067796610168,
      "p25": 0.6491525423728812,
      "p50": 0.8135593220338982,
      "p75": 0.8186440677966101,
      "p90": 0.8649152542372881
    },
    "min": 0.47966101694915253,
    "max": 0.9152542372881356
  },
  "resource_count": {
    "percentiles": {
      "p25": 1.0,
      "p50": 2.0,
      "p75": 2.0,
      "p90": 4.0,
      "p95": 4.549999999999997
    },
    "min": 0,
    "max": 6
  },
  "membership_functions": {
    "recency": {
      "very_recent": [
        1.0,
        1.0,
        1.0
      ],
      "recent": [
        1.0,
        1.0,
        1.0,
        49.5
      ],
      "moderate": [
        1.0,
        49.5,
        98.0,
        98.0
      ],
      "old": [
        49.5,
        98.0,
        98.0,
        98.0
      ],
      "very_old": [
        98.0,
        98.0,
        98.0
      ]
    },
    "completeness": {
      "low": [
        0.0,
        0.0,
        0.5644067796610168
      ],
      "partial": [
        0.5644067796610168,
        0.6491525423728812,
        0.8135593220338982
      ],
      "medium": [
        0.6491525423728812,
        0.8135593220338982,
        0.8186440677966101,
        0.8649152542372881
      ],
      "high": [
        0.8135593220338982,
        0.8186440677966101,
        0.8649152542372881,
        1.0
      ],
      "complete": [
        0.8649152542372881,
        1.0,
        1.0
      ]
    },
    "resources": {
      "minimal": [
        0.0,
        0.0,
        1.0
      ],
      "limited": [
        0.0,
        1.0,
        2.0
      ],
      "moderate": [
        1.0,
        2.0,
        2.0
      ],
      "rich": [
        2.0,
        2.0,
        4.0,
        4.549999999999997
      ],
      "comprehensive": [
        4.0,
        4.549999999999997,
        6.0
      ]
    }
  }
}