{
  "summary": {
    "total_datasets": 500,
    "analysis_date": "2026-03-06T18:44:52.823172"
  },
  "recency": {
    "n_valid": 500,
    "mean_days": 1060.552,
    "median_days": 1395.0,
    "std_days": 452.95245588913633,
    "min_days": 1.0,
    "max_days": 1467.0,
    "percentiles": {
      "5": 109.10000000000011,
      "10": 189.0,
      "20": 763.8000000000004,
      "25": 960.0,
      "30": 960.0,
      "40": 960.0,
      "50": 1395.0,
      "60": 1395.0,
      "70": 1395.0,
      "75": 1395.0,
      "80": 1395.0,
      "90": 1451.0,
      "95": 1467.0
    },
    "recommended_mf": {
      "very_recent": [
        0,
        0,
        189.0
      ],
      "recent": [
        109.10000000000011,
        763.8000000000004,
        960.0,
        1395.0
      ],
      "moderate": [
        960.0,
        1395.0,
        1395.0,
        1395.0
      ],
      "old": [
        1395.0,
        1395.0,
        1451.0,
        1467.0
      ],
      "very_old": [
        1395.0,
        1451.0,
        1760.3999999999999
      ]
    }
  },
  "completeness": {
    "n_valid": 500,
    "mean_score": 0.7497222222222222,
    "median_score": 0.7222222222222222,
    "min_score": 0.6388888888888888,
    "max_score": 0.8333333333333334,
    "percentiles": {
      "10": 0.7222222222222222,
      "20": 0.7222222222222222,
      "25": 0.7222222222222222,
      "30": 0.7222222222222222,
      "40": 0.7222222222222222,
      "50": 0.7222222222222222,
      "60": 0.7777777777777778,
      "70": 0.7777777777777778,
      "75": 0.7777777777777778,
      "80": 0.7777777777777777,
      "90": 0.7777777777777778
    },
    "recommended_mf": {
      "low": [
        0,
        0,
        0.7222222222222222
      ],
      "medium": [
        0.7222222222222222,
        0.7222222222222222,
        0.7777777777777778,
        0.7777777777777777
      ],
      "high": [
        0.7777777777777778,
        0.7777777777777778,
        1.0
      ]
    }
  },
  "resources": {
    "n_valid": 500,
    "mean_count": 6.84,
    "median_count": 9.0,
    "min_count": 3.0,
    "max_count": 15.0,
    "percentiles": {
      "10": 3.0,
      "20": 3.0,
      "25": 4.0,
      "30": 4.0,
      "40": 5.0,
      "50": 9.0,
      "60": 9.0,
      "70": 9.0,
      "75": 9.0,
      "80": 9.0,
      "90": 9.0,
      "95": 9.0
    },
    "recommended_mf": {
      "limited": [
        0,
        0,
        4.0
      ],
      "moderate": [
        3.0,
        5.0,
        9.0,
        9.0
      ],
      "rich": [
        9.0,
        9.0,
        16.5
      ]
    }
  },
  "formats": {
    "total_resources": 3420,
    "unique_formats": 16,
    "top_formats": {
      "HTML": 724,
      "JSON": 683,
      "XLS": 484,
      "CSV": 198,
      "PARQUET": 197,
      "RDF XML": 197,
      "JSON-LD": 197,
      "RDF TURTLE": 197,
      "N3": 197,
      "SERVICE": 175,
      "PDF": 125,
      "ZIP": 10,
      "OCTET": 9,
      "GPX": 9,
      "KML": 9,
      "TXT": 9
    },
    "machine_readable_pct": 0.25760233918128655,
    "open_format_pct": 0.47192982456140353
  },
  "organizations": {
    "total_organizations": 3,
    "top_publishers": {
      "bundesamt-fur-statistik-bfs": 302,
      "kanton-thurgau": 197,
      "schweizerische-nationalbibliothek-nb": 1
    },
    "single_dataset_orgs": 1,
    "prolific_orgs_10plus": 2
  }
}