{
  "timestamp": "2026-06-17T19:06:48.378485",
  "systems": [
    "portal_default",
    "keyword_bm25",
    "metadata_quality",
    "fuzzy_hcir"
  ],
  "num_queries": 15,
  "aggregate_metrics": {
    "portal_default": {
      "MAP": 0.7328136891193222,
      "P@5": 0.8133333333333336,
      "P@10": 0.7933333333333333,
      "P@20": 0.82,
      "R@10": 0.2690840619576252,
      "R@20": 0.5558705832269051,
      "nDCG@10": 0.6677835554139503,
      "nDCG@20": 0.710360766528067,
      "MRR": 0.8555555555555555,
      "F1@10": 0.4017348117348118
    },
    "keyword_bm25": {
      "MAP": 0.5925805079621999,
      "P@5": 0.6933333333333334,
      "P@10": 0.7066666666666666,
      "P@20": 0.6533333333333332,
      "R@10": 0.24000654943183683,
      "R@20": 0.44491141893440744,
      "nDCG@10": 0.6032748642393995,
      "nDCG@20": 0.6088740295871927,
      "MRR": 0.8444444444444444,
      "F1@10": 0.35820204820204815
    },
    "metadata_quality": {
      "MAP": 0.7263494823840049,
      "P@5": 0.8133333333333336,
      "P@10": 0.8133333333333332,
      "P@20": 0.8266666666666668,
      "R@10": 0.27634083243278645,
      "R@20": 0.5614926155156041,
      "nDCG@10": 0.6367734941876816,
      "nDCG@20": 0.6943783431046373,
      "MRR": 0.8666666666666667,
      "F1@10": 0.4123762223762224
    },
    "fuzzy_hcir": {
      "MAP": 0.5988070579993406,
      "P@5": 0.6933333333333334,
      "P@10": 0.6933333333333334,
      "P@20": 0.6433333333333332,
      "R@10": 0.23719487834430367,
      "R@20": 0.43834102891574156,
      "nDCG@10": 0.5660659305282866,
      "nDCG@20": 0.5866645619658262,
      "MRR": 0.8777777777777778,
      "F1@10": 0.3533017633017633
    }
  }
}