{
  "timestamp": "2026-06-14T23:57:36.299856",
  "systems": [
    "portal_default",
    "keyword_bm25",
    "metadata_quality",
    "fuzzy_hcir"
  ],
  "num_queries": 15,
  "aggregate_metrics": {
    "portal_default": {
      "MAP": 0.741346385866371,
      "P@5": 0.8266666666666668,
      "P@10": 0.8133333333333334,
      "P@20": 0.8333333333333333,
      "R@10": 0.27590398532927274,
      "R@20": 0.5648361004682844,
      "nDCG@10": 0.661796637625426,
      "nDCG@20": 0.7179710108547869,
      "MRR": 0.8555555555555555,
      "F1@10": 0.41190575190575196
    },
    "keyword_bm25": {
      "MAP": 0.6029376391055478,
      "P@5": 0.7066666666666667,
      "P@10": 0.7266666666666666,
      "P@20": 0.6666666666666666,
      "R@10": 0.24667321609850348,
      "R@20": 0.4538003078232963,
      "nDCG@10": 0.6176866488144857,
      "nDCG@20": 0.6204626785749136,
      "MRR": 0.8444444444444444,
      "F1@10": 0.36820204820204816
    },
    "metadata_quality": {
      "MAP": 0.7372664923972715,
      "P@5": 0.8400000000000002,
      "P@10": 0.8400000000000001,
      "P@20": 0.8366666666666666,
      "R@10": 0.28522972132167534,
      "R@20": 0.5679706585453713,
      "nDCG@10": 0.6459501987765656,
      "nDCG@20": 0.6964058291336646,
      "MRR": 0.8333333333333334,
      "F1@10": 0.42570955570955576
    },
    "fuzzy_hcir": {
      "MAP": 0.6076648932184461,
      "P@5": 0.6799999999999999,
      "P@10": 0.7133333333333334,
      "P@20": 0.6766666666666666,
      "R@10": 0.24359629302158037,
      "R@20": 0.4609817598323345,
      "nDCG@10": 0.5673508233394884,
      "nDCG@20": 0.6105546601152413,
      "MRR": 0.9222222222222222,
      "F1@10": 0.3630168630168631
    }
  }
}