{
  "timestamp": "2026-03-06T19:09:27.632861",
  "systems": [
    "portal_default",
    "keyword_bm25",
    "metadata_quality",
    "fuzzy_hcir"
  ],
  "num_queries": 15,
  "aggregate_metrics": {
    "portal_default": {
      "MAP": 0.9876855526456233,
      "P@5": 0.9866666666666667,
      "P@10": 0.9933333333333334,
      "P@20": 0.9766666666666667,
      "R@10": 0.3374234535154075,
      "R@20": 0.6625765464845924,
      "nDCG@10": 0.8129334300693396,
      "nDCG@20": 0.8489438169091985,
      "MRR": 1.0,
      "F1@10": 0.5035574035574035
    },
    "keyword_bm25": {
      "MAP": 0.7992077886951026,
      "P@5": 0.9066666666666668,
      "P@10": 0.8666666666666667,
      "P@20": 0.7699999999999999,
      "R@10": 0.29554311163506564,
      "R@20": 0.5247791204113043,
      "nDCG@10": 0.739271817737329,
      "nDCG@20": 0.7370010964661408,
      "MRR": 0.9666666666666667,
      "F1@10": 0.44059444059444064
    },
    "metadata_quality": {
      "MAP": 0.9823503123210985,
      "P@5": 1.0,
      "P@10": 0.9933333333333334,
      "P@20": 0.9866666666666666,
      "R@10": 0.3374234535154075,
      "R@20": 0.6700789206536333,
      "nDCG@10": 0.7630980790332748,
      "nDCG@20": 0.8233473827953759,
      "MRR": 1.0,
      "F1@10": 0.5035574035574035
    },
    "fuzzy_hcir": {
      "MAP": 0.8367462284304116,
      "P@5": 0.72,
      "P@10": 0.7133333333333333,
      "P@20": 0.8466666666666668,
      "R@10": 0.2430245276222288,
      "R@20": 0.5757566231129448,
      "nDCG@10": 0.5796088229191809,
      "nDCG@20": 0.7304543312132997,
      "MRR": 0.88,
      "F1@10": 0.3623900823900824
    }
  }
}